"customer_id","age","scenario","bill_amount","reward_cashback","cost_savings","financial_control","merchant_accept_cash","buyer_protection","cultural_norms_cash","payment_method"
1,74,"coffee_meet",1696.64,TRUE,FALSE,FALSE,FALSE,FALSE,FALSE,"debit_card"
2,78,"coffee_meet",1804.42,TRUE,FALSE,FALSE,FALSE,FALSE,FALSE,"credit_card"
3,73,"veg_market",476.39,FALSE,FALSE,FALSE,TRUE,FALSE,TRUE,"cash"
4,62,"veg_market",549.69,FALSE,FALSE,FALSE,TRUE,FALSE,TRUE,"cash"
5,69,"online_shopping",4978.72,TRUE,FALSE,FALSE,FALSE,TRUE,FALSE,"credit_card"
6,77,"online_shopping",2078.94,TRUE,FALSE,FALSE,FALSE,TRUE,FALSE,"credit_card"
7,70,"online_shopping",2310.4,TRUE,FALSE,FALSE,FALSE,TRUE,FALSE,"debit_card"
8,64,"veg_market",247.01,FALSE,FALSE,FALSE,TRUE,FALSE,TRUE,"cash"
9,79,"online_shopping",11939.48,TRUE,FALSE,FALSE,FALSE,TRUE,FALSE,"debit_card"
10,73,"coffee_meet",1734.52,TRUE,FALSE,FALSE,FALSE,FALSE,FALSE,"credit_card"
11,64,"monthly_getaway",4403.33,FALSE,FALSE,FALSE,TRUE,FALSE,FALSE,"cash"
12,78,"veg_market",665.38,FALSE,FALSE,FALSE,TRUE,FALSE,TRUE,"cash"
13,68,"online_shopping",4429.55,TRUE,FALSE,FALSE,FALSE,TRUE,FALSE,"credit_card"
14,62,"grocery_tues",7000,FALSE,TRUE,TRUE,FALSE,FALSE,FALSE,"UPI"
15,67,"coffee_meet",1804.53,TRUE,FALSE,FALSE,FALSE,FALSE,FALSE,"credit_card"
16,66,"online_shopping",13613.44,TRUE,FALSE,FALSE,FALSE,TRUE,FALSE,"UPI"
17,69,"coffee_meet",1897.16,TRUE,FALSE,FALSE,FALSE,FALSE,FALSE,"credit_card"
18,68,"monthly_getaway",3016.37,FALSE,FALSE,FALSE,TRUE,FALSE,FALSE,"cash"
19,78,"coffee_meet",1711.51,TRUE,FALSE,FALSE,FALSE,FALSE,FALSE,"credit_card"
20,63,"monthly_getaway",3617.53,FALSE,FALSE,FALSE,TRUE,FALSE,FALSE,"cash"
21,73,"monthly_getaway",4550.95,FALSE,FALSE,FALSE,TRUE,FALSE,FALSE,"cash"
22,76,"grocery_tues",7000,FALSE,TRUE,TRUE,FALSE,FALSE,FALSE,"UPI"
23,70,"monthly_getaway",4568.07,FALSE,FALSE,FALSE,TRUE,FALSE,FALSE,"cash"
24,66,"online_shopping",4319.08,TRUE,FALSE,FALSE,FALSE,TRUE,FALSE,"debit_card"
25,80,"grocery_tues",7000,FALSE,TRUE,TRUE,FALSE,FALSE,FALSE,"credit_card"
26,71,"coffee_meet",1628.75,TRUE,FALSE,FALSE,FALSE,FALSE,FALSE,"credit_card"
27,74,"veg_market",290.75,FALSE,FALSE,FALSE,TRUE,FALSE,TRUE,"cash"
28,69,"monthly_getaway",4188.64,FALSE,FALSE,FALSE,TRUE,FALSE,FALSE,"cash"
29,72,"online_shopping",3424,TRUE,FALSE,FALSE,FALSE,TRUE,FALSE,"credit_card"
30,66,"veg_market",863.26,FALSE,FALSE,FALSE,TRUE,FALSE,TRUE,"cash"
31,68,"veg_market",816.84,FALSE,FALSE,FALSE,TRUE,FALSE,TRUE,"UPI"
32,68,"online_shopping",14267.96,TRUE,FALSE,FALSE,FALSE,TRUE,FALSE,"debit_card"
33,69,"coffee_meet",1733.48,TRUE,FALSE,FALSE,FALSE,FALSE,FALSE,"UPI"
34,80,"coffee_meet",1969.93,TRUE,FALSE,FALSE,FALSE,FALSE,FALSE,"credit_card"
35,66,"online_shopping",12207.38,TRUE,FALSE,FALSE,FALSE,TRUE,FALSE,"credit_card"
36,80,"monthly_getaway",4498.43,FALSE,FALSE,FALSE,TRUE,FALSE,FALSE,"cash"
37,65,"veg_market",515.57,FALSE,FALSE,FALSE,TRUE,FALSE,TRUE,"cash"
38,61,"grocery_tues",7000,FALSE,TRUE,TRUE,FALSE,FALSE,FALSE,"debit_card"
39,64,"coffee_meet",1549.85,TRUE,FALSE,FALSE,FALSE,FALSE,FALSE,"debit_card"
40,67,"online_shopping",5600.5,TRUE,FALSE,FALSE,FALSE,TRUE,FALSE,"credit_card"
41,71,"online_shopping",11388.89,TRUE,FALSE,FALSE,FALSE,TRUE,FALSE,"debit_card"
42,72,"online_shopping",6631.97,TRUE,FALSE,FALSE,FALSE,TRUE,FALSE,"credit_card"
43,77,"monthly_getaway",2530.85,FALSE,FALSE,FALSE,TRUE,FALSE,FALSE,"cash"
44,60,"grocery_tues",7000,FALSE,TRUE,TRUE,FALSE,FALSE,FALSE,"UPI"
45,65,"grocery_tues",7000,FALSE,TRUE,TRUE,FALSE,FALSE,FALSE,"UPI"
46,80,"monthly_getaway",1127.87,FALSE,FALSE,FALSE,TRUE,FALSE,FALSE,"cash"
47,74,"veg_market",617.16,FALSE,FALSE,FALSE,TRUE,FALSE,TRUE,"cash"
48,68,"online_shopping",3574.01,TRUE,FALSE,FALSE,FALSE,TRUE,FALSE,"UPI"
49,74,"monthly_getaway",4540.74,FALSE,FALSE,FALSE,TRUE,FALSE,FALSE,"cash"
50,75,"monthly_getaway",1298.59,FALSE,FALSE,FALSE,TRUE,FALSE,FALSE,"cash"
51,79,"coffee_meet",1892.11,TRUE,FALSE,FALSE,FALSE,FALSE,FALSE,"credit_card"
52,65,"veg_market",883.31,FALSE,FALSE,FALSE,TRUE,FALSE,TRUE,"cash"
53,70,"veg_market",229.74,FALSE,FALSE,FALSE,TRUE,FALSE,TRUE,"cash"
54,67,"coffee_meet",1637.57,TRUE,FALSE,FALSE,FALSE,FALSE,FALSE,"credit_card"
55,66,"coffee_meet",1821.03,TRUE,FALSE,FALSE,FALSE,FALSE,FALSE,"UPI"
56,75,"coffee_meet",1892.54,TRUE,FALSE,FALSE,FALSE,FALSE,FALSE,"UPI"
57,76,"veg_market",520.05,FALSE,FALSE,FALSE,TRUE,FALSE,TRUE,"cash"
58,77,"veg_market",948.24,FALSE,FALSE,FALSE,TRUE,FALSE,TRUE,"UPI"
59,76,"online_shopping",7076.72,TRUE,FALSE,FALSE,FALSE,TRUE,FALSE,"credit_card"
60,61,"grocery_tues",7000,FALSE,TRUE,TRUE,FALSE,FALSE,FALSE,"debit_card"
61,63,"grocery_tues",7000,FALSE,TRUE,TRUE,FALSE,FALSE,FALSE,"UPI"
62,72,"online_shopping",7511.47,TRUE,FALSE,FALSE,FALSE,TRUE,FALSE,"UPI"
63,64,"grocery_tues",7000,FALSE,TRUE,TRUE,FALSE,FALSE,FALSE,"UPI"
64,78,"coffee_meet",1643.21,TRUE,FALSE,FALSE,FALSE,FALSE,FALSE,"credit_card"
65,79,"monthly_getaway",3446.99,FALSE,FALSE,FALSE,TRUE,FALSE,FALSE,"cash"
66,73,"veg_market",647.05,FALSE,FALSE,FALSE,TRUE,FALSE,TRUE,"cash"
67,62,"monthly_getaway",1159.87,FALSE,FALSE,FALSE,TRUE,FALSE,FALSE,"cash"
68,67,"coffee_meet",1872.64,TRUE,FALSE,FALSE,FALSE,FALSE,FALSE,"credit_card"
69,75,"grocery_tues",7000,FALSE,TRUE,TRUE,FALSE,FALSE,FALSE,"UPI"
70,71,"online_shopping",4684.34,TRUE,FALSE,FALSE,FALSE,TRUE,FALSE,"credit_card"
71,73,"online_shopping",10534.45,TRUE,FALSE,FALSE,FALSE,TRUE,FALSE,"credit_card"
72,62,"coffee_meet",1761.21,TRUE,FALSE,FALSE,FALSE,FALSE,FALSE,"credit_card"
73,73,"veg_market",706.75,FALSE,FALSE,FALSE,TRUE,FALSE,TRUE,"cash"
74,66,"coffee_meet",1808.78,TRUE,FALSE,FALSE,FALSE,FALSE,FALSE,"debit_card"
75,62,"online_shopping",5703.64,TRUE,FALSE,FALSE,FALSE,TRUE,FALSE,"credit_card"
76,74,"monthly_getaway",1895.23,FALSE,FALSE,FALSE,TRUE,FALSE,FALSE,"cash"
77,80,"online_shopping",9007.25,TRUE,FALSE,FALSE,FALSE,TRUE,FALSE,"credit_card"
78,64,"veg_market",997.1,FALSE,FALSE,FALSE,TRUE,FALSE,TRUE,"cash"
79,67,"veg_market",463.13,FALSE,FALSE,FALSE,TRUE,FALSE,TRUE,"cash"
80,78,"online_shopping",6203.37,TRUE,FALSE,FALSE,FALSE,TRUE,FALSE,"credit_card"
81,69,"monthly_getaway",1141.29,FALSE,FALSE,FALSE,TRUE,FALSE,FALSE,"cash"
82,77,"monthly_getaway",3102.45,FALSE,FALSE,FALSE,TRUE,FALSE,FALSE,"cash"
83,69,"grocery_tues",7000,FALSE,TRUE,TRUE,FALSE,FALSE,FALSE,"credit_card"
84,71,"veg_market",677.45,FALSE,FALSE,FALSE,TRUE,FALSE,TRUE,"cash"
85,61,"veg_market",793.67,FALSE,FALSE,FALSE,TRUE,FALSE,TRUE,"cash"
86,69,"coffee_meet",1976.42,TRUE,FALSE,FALSE,FALSE,FALSE,FALSE,"credit_card"
87,71,"monthly_getaway",2958.48,FALSE,FALSE,FALSE,TRUE,FALSE,FALSE,"cash"
88,79,"grocery_tues",7000,FALSE,TRUE,TRUE,FALSE,FALSE,FALSE,"debit_card"
89,73,"monthly_getaway",1333.15,FALSE,FALSE,FALSE,TRUE,FALSE,FALSE,"cash"
90,76,"online_shopping",5379.06,TRUE,FALSE,FALSE,FALSE,TRUE,FALSE,"debit_card"
91,73,"grocery_tues",7000,FALSE,TRUE,TRUE,FALSE,FALSE,FALSE,"UPI"
92,62,"veg_market",899.88,FALSE,FALSE,FALSE,TRUE,FALSE,TRUE,"cash"
93,67,"monthly_getaway",4408.24,FALSE,FALSE,FALSE,TRUE,FALSE,FALSE,"cash"
94,73,"monthly_getaway",4371.62,FALSE,FALSE,FALSE,TRUE,FALSE,FALSE,"cash"
95,78,"grocery_tues",7000,FALSE,TRUE,TRUE,FALSE,FALSE,FALSE,"UPI"
96,74,"grocery_tues",7000,FALSE,TRUE,TRUE,FALSE,FALSE,FALSE,"UPI"
97,76,"online_shopping",14309.75,TRUE,FALSE,FALSE,FALSE,TRUE,FALSE,"UPI"
98,70,"grocery_tues",7000,FALSE,TRUE,TRUE,FALSE,FALSE,FALSE,"debit_card"
99,66,"coffee_meet",1826.34,TRUE,FALSE,FALSE,FALSE,FALSE,FALSE,"credit_card"
100,74,"online_shopping",8346.02,TRUE,FALSE,FALSE,FALSE,TRUE,FALSE,"credit_card"
101,65,"coffee_meet",1593.88,TRUE,FALSE,FALSE,FALSE,FALSE,FALSE,"credit_card"
102,73,"veg_market",770.43,FALSE,FALSE,FALSE,TRUE,FALSE,TRUE,"cash"
103,66,"grocery_tues",7000,FALSE,TRUE,TRUE,FALSE,FALSE,FALSE,"UPI"
104,69,"veg_market",268.06,FALSE,FALSE,FALSE,TRUE,FALSE,TRUE,"cash"
105,64,"grocery_tues",7000,FALSE,TRUE,TRUE,FALSE,FALSE,FALSE,"UPI"
106,65,"grocery_tues",7000,FALSE,TRUE,TRUE,FALSE,FALSE,FALSE,"UPI"
107,75,"monthly_getaway",2844.8,FALSE,FALSE,FALSE,TRUE,FALSE,FALSE,"cash"
108,80,"grocery_tues",7000,FALSE,TRUE,TRUE,FALSE,FALSE,FALSE,"UPI"
109,70,"monthly_getaway",4743.63,FALSE,FALSE,FALSE,TRUE,FALSE,FALSE,"cash"
110,63,"monthly_getaway",4381.17,FALSE,FALSE,FALSE,TRUE,FALSE,FALSE,"cash"
111,71,"coffee_meet",1858.09,TRUE,FALSE,FALSE,FALSE,FALSE,FALSE,"UPI"
112,73,"coffee_meet",1561.9,TRUE,FALSE,FALSE,FALSE,FALSE,FALSE,"credit_card"
113,78,"veg_market",675.86,FALSE,FALSE,FALSE,TRUE,FALSE,TRUE,"cash"
114,66,"coffee_meet",1994.93,TRUE,FALSE,FALSE,FALSE,FALSE,FALSE,"credit_card"
115,68,"veg_market",692.33,FALSE,FALSE,FALSE,TRUE,FALSE,TRUE,"cash"
116,66,"coffee_meet",1636.54,TRUE,FALSE,FALSE,FALSE,FALSE,FALSE,"UPI"
117,61,"grocery_tues",7000,FALSE,TRUE,TRUE,FALSE,FALSE,FALSE,"debit_card"
118,75,"coffee_meet",1531.85,TRUE,FALSE,FALSE,FALSE,FALSE,FALSE,"credit_card"
119,72,"monthly_getaway",1289.21,FALSE,FALSE,FALSE,TRUE,FALSE,FALSE,"cash"
120,78,"monthly_getaway",4494.04,FALSE,FALSE,FALSE,TRUE,FALSE,FALSE,"cash"
121,79,"online_shopping",6716.72,TRUE,FALSE,FALSE,FALSE,TRUE,FALSE,"credit_card"
122,74,"grocery_tues",7000,FALSE,TRUE,TRUE,FALSE,FALSE,FALSE,"UPI"
123,66,"online_shopping",14293.09,TRUE,FALSE,FALSE,FALSE,TRUE,FALSE,"credit_card"
124,63,"monthly_getaway",3233.28,FALSE,FALSE,FALSE,TRUE,FALSE,FALSE,"cash"
125,60,"coffee_meet",1756.33,TRUE,FALSE,FALSE,FALSE,FALSE,FALSE,"debit_card"
126,67,"monthly_getaway",4791.09,FALSE,FALSE,FALSE,TRUE,FALSE,FALSE,"cash"
127,79,"online_shopping",3427.42,TRUE,FALSE,FALSE,FALSE,TRUE,FALSE,"UPI"
128,75,"grocery_tues",7000,FALSE,TRUE,TRUE,FALSE,FALSE,FALSE,"debit_card"
129,70,"veg_market",855.13,FALSE,FALSE,FALSE,TRUE,FALSE,TRUE,"cash"
130,75,"grocery_tues",7000,FALSE,TRUE,TRUE,FALSE,FALSE,FALSE,"debit_card"
131,79,"coffee_meet",1688.67,TRUE,FALSE,FALSE,FALSE,FALSE,FALSE,"credit_card"
132,67,"grocery_tues",7000,FALSE,TRUE,TRUE,FALSE,FALSE,FALSE,"debit_card"
133,62,"monthly_getaway",3226.56,FALSE,FALSE,FALSE,TRUE,FALSE,FALSE,"cash"
134,63,"monthly_getaway",2255.48,FALSE,FALSE,FALSE,TRUE,FALSE,FALSE,"cash"
135,79,"grocery_tues",7000,FALSE,TRUE,TRUE,FALSE,FALSE,FALSE,"UPI"
136,71,"grocery_tues",7000,FALSE,TRUE,TRUE,FALSE,FALSE,FALSE,"UPI"
137,76,"online_shopping",3070.46,TRUE,FALSE,FALSE,FALSE,TRUE,FALSE,"credit_card"
138,69,"veg_market",823.95,FALSE,FALSE,FALSE,TRUE,FALSE,TRUE,"UPI"
139,79,"grocery_tues",7000,FALSE,TRUE,TRUE,FALSE,FALSE,FALSE,"UPI"
140,70,"monthly_getaway",1772.94,FALSE,FALSE,FALSE,TRUE,FALSE,FALSE,"cash"
141,67,"coffee_meet",1827.79,TRUE,FALSE,FALSE,FALSE,FALSE,FALSE,"credit_card"
142,73,"veg_market",548.12,FALSE,FALSE,FALSE,TRUE,FALSE,TRUE,"cash"
143,80,"monthly_getaway",1788.59,FALSE,FALSE,FALSE,TRUE,FALSE,FALSE,"cash"
144,72,"grocery_tues",7000,FALSE,TRUE,TRUE,FALSE,FALSE,FALSE,"UPI"
145,61,"coffee_meet",1997.33,TRUE,FALSE,FALSE,FALSE,FALSE,FALSE,"credit_card"
146,70,"online_shopping",7807.66,TRUE,FALSE,FALSE,FALSE,TRUE,FALSE,"credit_card"
147,72,"online_shopping",2408.55,TRUE,FALSE,FALSE,FALSE,TRUE,FALSE,"debit_card"
148,73,"monthly_getaway",4748.07,FALSE,FALSE,FALSE,TRUE,FALSE,FALSE,"cash"
149,65,"coffee_meet",1935.49,TRUE,FALSE,FALSE,FALSE,FALSE,FALSE,"credit_card"
150,67,"grocery_tues",7000,FALSE,TRUE,TRUE,FALSE,FALSE,FALSE,"UPI"
151,71,"monthly_getaway",3404.99,FALSE,FALSE,FALSE,TRUE,FALSE,FALSE,"cash"
152,63,"coffee_meet",1649.51,TRUE,FALSE,FALSE,FALSE,FALSE,FALSE,"debit_card"
153,72,"coffee_meet",1904.67,TRUE,FALSE,FALSE,FALSE,FALSE,FALSE,"credit_card"
154,73,"grocery_tues",7000,FALSE,TRUE,TRUE,FALSE,FALSE,FALSE,"credit_card"
155,80,"grocery_tues",7000,FALSE,TRUE,TRUE,FALSE,FALSE,FALSE,"UPI"
156,75,"online_shopping",14377.85,TRUE,FALSE,FALSE,FALSE,TRUE,FALSE,"credit_card"
157,60,"monthly_getaway",4408.22,FALSE,FALSE,FALSE,TRUE,FALSE,FALSE,"cash"
158,67,"grocery_tues",7000,FALSE,TRUE,TRUE,FALSE,FALSE,FALSE,"debit_card"
159,67,"grocery_tues",7000,FALSE,TRUE,TRUE,FALSE,FALSE,FALSE,"debit_card"
160,69,"veg_market",301.85,FALSE,FALSE,FALSE,TRUE,FALSE,TRUE,"cash"
161,67,"coffee_meet",1984.44,TRUE,FALSE,FALSE,FALSE,FALSE,FALSE,"UPI"
162,77,"monthly_getaway",3228.4,FALSE,FALSE,FALSE,TRUE,FALSE,FALSE,"cash"
163,80,"grocery_tues",7000,FALSE,TRUE,TRUE,FALSE,FALSE,FALSE,"debit_card"
164,68,"grocery_tues",7000,FALSE,TRUE,TRUE,FALSE,FALSE,FALSE,"UPI"
165,66,"online_shopping",2069.74,TRUE,FALSE,FALSE,FALSE,TRUE,FALSE,"credit_card"
166,66,"online_shopping",3764.93,TRUE,FALSE,FALSE,FALSE,TRUE,FALSE,"UPI"
167,69,"online_shopping",2076.01,TRUE,FALSE,FALSE,FALSE,TRUE,FALSE,"debit_card"
168,70,"veg_market",853.5,FALSE,FALSE,FALSE,TRUE,FALSE,TRUE,"cash"
169,60,"veg_market",825.73,FALSE,FALSE,FALSE,TRUE,FALSE,TRUE,"cash"
170,78,"online_shopping",14103.86,TRUE,FALSE,FALSE,FALSE,TRUE,FALSE,"credit_card"
171,69,"online_shopping",6792.97,TRUE,FALSE,FALSE,FALSE,TRUE,FALSE,"UPI"
172,80,"grocery_tues",7000,FALSE,TRUE,TRUE,FALSE,FALSE,FALSE,"debit_card"
173,72,"veg_market",979.56,FALSE,FALSE,FALSE,TRUE,FALSE,TRUE,"cash"
174,70,"grocery_tues",7000,FALSE,TRUE,TRUE,FALSE,FALSE,FALSE,"UPI"
175,70,"grocery_tues",7000,FALSE,TRUE,TRUE,FALSE,FALSE,FALSE,"debit_card"
176,79,"online_shopping",12708.67,TRUE,FALSE,FALSE,FALSE,TRUE,FALSE,"UPI"
177,66,"veg_market",829.96,FALSE,FALSE,FALSE,TRUE,FALSE,TRUE,"cash"
178,79,"monthly_getaway",3491.3,FALSE,FALSE,FALSE,TRUE,FALSE,FALSE,"cash"
179,68,"monthly_getaway",4869.42,FALSE,FALSE,FALSE,TRUE,FALSE,FALSE,"cash"
180,68,"grocery_tues",7000,FALSE,TRUE,TRUE,FALSE,FALSE,FALSE,"credit_card"
181,64,"grocery_tues",7000,FALSE,TRUE,TRUE,FALSE,FALSE,FALSE,"UPI"
182,73,"coffee_meet",1749.96,TRUE,FALSE,FALSE,FALSE,FALSE,FALSE,"credit_card"
183,73,"monthly_getaway",4574.78,FALSE,FALSE,FALSE,TRUE,FALSE,FALSE,"cash"
184,65,"veg_market",520.83,FALSE,FALSE,FALSE,TRUE,FALSE,TRUE,"cash"
185,60,"monthly_getaway",2790.17,FALSE,FALSE,FALSE,TRUE,FALSE,FALSE,"cash"
186,69,"veg_market",948.62,FALSE,FALSE,FALSE,TRUE,FALSE,TRUE,"cash"
187,76,"coffee_meet",1841.67,TRUE,FALSE,FALSE,FALSE,FALSE,FALSE,"UPI"
188,76,"grocery_tues",7000,FALSE,TRUE,TRUE,FALSE,FALSE,FALSE,"UPI"
189,80,"online_shopping",2236.12,TRUE,FALSE,FALSE,FALSE,TRUE,FALSE,"UPI"
190,66,"monthly_getaway",1662.11,FALSE,FALSE,FALSE,TRUE,FALSE,FALSE,"cash"
191,80,"veg_market",596.67,FALSE,FALSE,FALSE,TRUE,FALSE,TRUE,"cash"
192,68,"veg_market",541.23,FALSE,FALSE,FALSE,TRUE,FALSE,TRUE,"cash"
193,79,"veg_market",993.64,FALSE,FALSE,FALSE,TRUE,FALSE,TRUE,"cash"
194,65,"online_shopping",13556.35,TRUE,FALSE,FALSE,FALSE,TRUE,FALSE,"UPI"
195,77,"monthly_getaway",2383.02,FALSE,FALSE,FALSE,TRUE,FALSE,FALSE,"cash"
196,76,"monthly_getaway",3823.38,FALSE,FALSE,FALSE,TRUE,FALSE,FALSE,"cash"
197,64,"grocery_tues",7000,FALSE,TRUE,TRUE,FALSE,FALSE,FALSE,"debit_card"
198,79,"grocery_tues",7000,FALSE,TRUE,TRUE,FALSE,FALSE,FALSE,"UPI"
199,62,"grocery_tues",7000,FALSE,TRUE,TRUE,FALSE,FALSE,FALSE,"debit_card"
200,73,"grocery_tues",7000,FALSE,TRUE,TRUE,FALSE,FALSE,FALSE,"debit_card"
201,60,"grocery_tues",7000,FALSE,TRUE,TRUE,FALSE,FALSE,FALSE,"UPI"
202,61,"monthly_getaway",4634.9,FALSE,FALSE,FALSE,TRUE,FALSE,FALSE,"cash"
203,63,"coffee_meet",1838.15,TRUE,FALSE,FALSE,FALSE,FALSE,FALSE,"credit_card"
204,69,"coffee_meet",1819.55,TRUE,FALSE,FALSE,FALSE,FALSE,FALSE,"credit_card"
205,60,"coffee_meet",1574.8,TRUE,FALSE,FALSE,FALSE,FALSE,FALSE,"credit_card"
206,64,"coffee_meet",1800.56,TRUE,FALSE,FALSE,FALSE,FALSE,FALSE,"credit_card"
207,80,"monthly_getaway",2091,FALSE,FALSE,FALSE,TRUE,FALSE,FALSE,"cash"
208,67,"coffee_meet",1728.93,TRUE,FALSE,FALSE,FALSE,FALSE,FALSE,"credit_card"
209,80,"grocery_tues",7000,FALSE,TRUE,TRUE,FALSE,FALSE,FALSE,"UPI"
210,72,"monthly_getaway",1889.01,FALSE,FALSE,FALSE,TRUE,FALSE,FALSE,"cash"
211,77,"online_shopping",5313.98,TRUE,FALSE,FALSE,FALSE,TRUE,FALSE,"debit_card"
212,69,"online_shopping",10497.94,TRUE,FALSE,FALSE,FALSE,TRUE,FALSE,"credit_card"
213,65,"monthly_getaway",2887.97,FALSE,FALSE,FALSE,TRUE,FALSE,FALSE,"cash"
214,66,"online_shopping",4092.52,TRUE,FALSE,FALSE,FALSE,TRUE,FALSE,"credit_card"
215,68,"grocery_tues",7000,FALSE,TRUE,TRUE,FALSE,FALSE,FALSE,"UPI"
216,75,"monthly_getaway",2088.32,FALSE,FALSE,FALSE,TRUE,FALSE,FALSE,"cash"
217,76,"online_shopping",11268.43,TRUE,FALSE,FALSE,FALSE,TRUE,FALSE,"UPI"
218,80,"monthly_getaway",3453.41,FALSE,FALSE,FALSE,TRUE,FALSE,FALSE,"cash"
219,72,"online_shopping",3717.59,TRUE,FALSE,FALSE,FALSE,TRUE,FALSE,"credit_card"
220,80,"veg_market",256.01,FALSE,FALSE,FALSE,TRUE,FALSE,TRUE,"cash"
221,67,"coffee_meet",1983.13,TRUE,FALSE,FALSE,FALSE,FALSE,FALSE,"credit_card"
222,80,"veg_market",494.62,FALSE,FALSE,FALSE,TRUE,FALSE,TRUE,"cash"
223,66,"online_shopping",10806.9,TRUE,FALSE,FALSE,FALSE,TRUE,FALSE,"debit_card"
224,79,"veg_market",876.76,FALSE,FALSE,FALSE,TRUE,FALSE,TRUE,"cash"
225,77,"coffee_meet",1620.83,TRUE,FALSE,FALSE,FALSE,FALSE,FALSE,"credit_card"
226,76,"coffee_meet",1517.58,TRUE,FALSE,FALSE,FALSE,FALSE,FALSE,"debit_card"
227,60,"coffee_meet",1797.62,TRUE,FALSE,FALSE,FALSE,FALSE,FALSE,"credit_card"
228,61,"grocery_tues",7000,FALSE,TRUE,TRUE,FALSE,FALSE,FALSE,"UPI"
229,76,"grocery_tues",7000,FALSE,TRUE,TRUE,FALSE,FALSE,FALSE,"debit_card"
230,61,"online_shopping",12870.48,TRUE,FALSE,FALSE,FALSE,TRUE,FALSE,"debit_card"
231,72,"coffee_meet",1681.12,TRUE,FALSE,FALSE,FALSE,FALSE,FALSE,"UPI"
232,76,"grocery_tues",7000,FALSE,TRUE,TRUE,FALSE,FALSE,FALSE,"UPI"
233,62,"coffee_meet",1666.09,TRUE,FALSE,FALSE,FALSE,FALSE,FALSE,"credit_card"
234,77,"monthly_getaway",3578.95,FALSE,FALSE,FALSE,TRUE,FALSE,FALSE,"cash"
235,61,"monthly_getaway",4834.46,FALSE,FALSE,FALSE,TRUE,FALSE,FALSE,"cash"
236,64,"coffee_meet",1798.1,TRUE,FALSE,FALSE,FALSE,FALSE,FALSE,"credit_card"
237,71,"online_shopping",8633.64,TRUE,FALSE,FALSE,FALSE,TRUE,FALSE,"debit_card"
238,72,"monthly_getaway",1621.06,FALSE,FALSE,FALSE,TRUE,FALSE,FALSE,"cash"
239,69,"veg_market",876.68,FALSE,FALSE,FALSE,TRUE,FALSE,TRUE,"cash"
240,65,"grocery_tues",7000,FALSE,TRUE,TRUE,FALSE,FALSE,FALSE,"UPI"
241,69,"online_shopping",4786.95,TRUE,FALSE,FALSE,FALSE,TRUE,FALSE,"credit_card"
242,69,"grocery_tues",7000,FALSE,TRUE,TRUE,FALSE,FALSE,FALSE,"debit_card"
243,65,"grocery_tues",7000,FALSE,TRUE,TRUE,FALSE,FALSE,FALSE,"UPI"
244,75,"coffee_meet",1834.94,TRUE,FALSE,FALSE,FALSE,FALSE,FALSE,"credit_card"
245,75,"coffee_meet",1808.88,TRUE,FALSE,FALSE,FALSE,FALSE,FALSE,"credit_card"
246,62,"monthly_getaway",1200,FALSE,FALSE,FALSE,TRUE,FALSE,FALSE,"cash"
247,63,"veg_market",959.52,FALSE,FALSE,FALSE,TRUE,FALSE,TRUE,"cash"
248,62,"veg_market",666.04,FALSE,FALSE,FALSE,TRUE,FALSE,TRUE,"cash"
249,62,"coffee_meet",1930.48,TRUE,FALSE,FALSE,FALSE,FALSE,FALSE,"credit_card"
250,75,"online_shopping",8740.07,TRUE,FALSE,FALSE,FALSE,TRUE,FALSE,"credit_card"
251,61,"grocery_tues",7000,FALSE,TRUE,TRUE,FALSE,FALSE,FALSE,"UPI"
252,74,"monthly_getaway",2064.51,FALSE,FALSE,FALSE,TRUE,FALSE,FALSE,"cash"
253,62,"monthly_getaway",3389.51,FALSE,FALSE,FALSE,TRUE,FALSE,FALSE,"cash"
254,68,"grocery_tues",7000,FALSE,TRUE,TRUE,FALSE,FALSE,FALSE,"UPI"
255,66,"veg_market",836.46,FALSE,FALSE,FALSE,TRUE,FALSE,TRUE,"cash"
256,68,"online_shopping",10960.72,TRUE,FALSE,FALSE,FALSE,TRUE,FALSE,"credit_card"
257,63,"coffee_meet",1740.32,TRUE,FALSE,FALSE,FALSE,FALSE,FALSE,"credit_card"
258,61,"online_shopping",8057.08,TRUE,FALSE,FALSE,FALSE,TRUE,FALSE,"credit_card"
259,71,"monthly_getaway",3473.65,FALSE,FALSE,FALSE,TRUE,FALSE,FALSE,"cash"
260,68,"veg_market",559.42,FALSE,FALSE,FALSE,TRUE,FALSE,TRUE,"cash"
261,70,"veg_market",682.17,FALSE,FALSE,FALSE,TRUE,FALSE,TRUE,"UPI"
262,66,"online_shopping",2059.92,TRUE,FALSE,FALSE,FALSE,TRUE,FALSE,"debit_card"
263,72,"veg_market",996,FALSE,FALSE,FALSE,TRUE,FALSE,TRUE,"UPI"
264,64,"coffee_meet",1703.23,TRUE,FALSE,FALSE,FALSE,FALSE,FALSE,"credit_card"
265,70,"veg_market",294.36,FALSE,FALSE,FALSE,TRUE,FALSE,TRUE,"cash"
266,60,"online_shopping",13304.01,TRUE,FALSE,FALSE,FALSE,TRUE,FALSE,"credit_card"
267,78,"veg_market",632.15,FALSE,FALSE,FALSE,TRUE,FALSE,TRUE,"cash"
268,71,"veg_market",905.28,FALSE,FALSE,FALSE,TRUE,FALSE,TRUE,"cash"
269,61,"veg_market",230.03,FALSE,FALSE,FALSE,TRUE,FALSE,TRUE,"cash"
270,80,"monthly_getaway",4525.74,FALSE,FALSE,FALSE,TRUE,FALSE,FALSE,"cash"
271,76,"online_shopping",11390.55,TRUE,FALSE,FALSE,FALSE,TRUE,FALSE,"credit_card"
272,71,"veg_market",815.85,FALSE,FALSE,FALSE,TRUE,FALSE,TRUE,"cash"
273,62,"veg_market",890.87,FALSE,FALSE,FALSE,TRUE,FALSE,TRUE,"cash"
274,77,"online_shopping",8509.65,TRUE,FALSE,FALSE,FALSE,TRUE,FALSE,"credit_card"
275,74,"online_shopping",14036.23,TRUE,FALSE,FALSE,FALSE,TRUE,FALSE,"credit_card"
276,62,"monthly_getaway",1832.3,FALSE,FALSE,FALSE,TRUE,FALSE,FALSE,"cash"
277,78,"monthly_getaway",1108.42,FALSE,FALSE,FALSE,TRUE,FALSE,FALSE,"cash"
278,77,"online_shopping",6105.31,TRUE,FALSE,FALSE,FALSE,TRUE,FALSE,"debit_card"
279,76,"coffee_meet",1830.06,TRUE,FALSE,FALSE,FALSE,FALSE,FALSE,"credit_card"
280,65,"online_shopping",6090.99,TRUE,FALSE,FALSE,FALSE,TRUE,FALSE,"credit_card"
281,69,"grocery_tues",7000,FALSE,TRUE,TRUE,FALSE,FALSE,FALSE,"UPI"
282,67,"grocery_tues",7000,FALSE,TRUE,TRUE,FALSE,FALSE,FALSE,"debit_card"
283,69,"online_shopping",14278,TRUE,FALSE,FALSE,FALSE,TRUE,FALSE,"credit_card"
284,72,"coffee_meet",1889.49,TRUE,FALSE,FALSE,FALSE,FALSE,FALSE,"UPI"
285,79,"coffee_meet",1669.72,TRUE,FALSE,FALSE,FALSE,FALSE,FALSE,"credit_card"
286,65,"grocery_tues",7000,FALSE,TRUE,TRUE,FALSE,FALSE,FALSE,"UPI"
287,79,"online_shopping",8261.4,TRUE,FALSE,FALSE,FALSE,TRUE,FALSE,"credit_card"
288,79,"veg_market",532.8,FALSE,FALSE,FALSE,TRUE,FALSE,TRUE,"cash"
289,68,"monthly_getaway",4105.34,FALSE,FALSE,FALSE,TRUE,FALSE,FALSE,"cash"
290,75,"coffee_meet",1742.71,TRUE,FALSE,FALSE,FALSE,FALSE,FALSE,"credit_card"
291,67,"monthly_getaway",1061.2,FALSE,FALSE,FALSE,TRUE,FALSE,FALSE,"cash"
292,66,"monthly_getaway",3569.81,FALSE,FALSE,FALSE,TRUE,FALSE,FALSE,"cash"
293,69,"grocery_tues",7000,FALSE,TRUE,TRUE,FALSE,FALSE,FALSE,"UPI"
294,76,"online_shopping",5052.79,TRUE,FALSE,FALSE,FALSE,TRUE,FALSE,"credit_card"
295,77,"coffee_meet",1873.51,TRUE,FALSE,FALSE,FALSE,FALSE,FALSE,"UPI"
296,67,"monthly_getaway",2182.43,FALSE,FALSE,FALSE,TRUE,FALSE,FALSE,"cash"
297,78,"veg_market",924.97,FALSE,FALSE,FALSE,TRUE,FALSE,TRUE,"cash"
298,69,"veg_market",882.66,FALSE,FALSE,FALSE,TRUE,FALSE,TRUE,"cash"
299,70,"veg_market",569.57,FALSE,FALSE,FALSE,TRUE,FALSE,TRUE,"cash"
300,76,"grocery_tues",7000,FALSE,TRUE,TRUE,FALSE,FALSE,FALSE,"UPI"
301,71,"veg_market",257.08,FALSE,FALSE,FALSE,TRUE,FALSE,TRUE,"cash"
302,61,"veg_market",662.24,FALSE,FALSE,FALSE,TRUE,FALSE,TRUE,"cash"
303,78,"coffee_meet",1789.79,TRUE,FALSE,FALSE,FALSE,FALSE,FALSE,"credit_card"
304,72,"veg_market",994.86,FALSE,FALSE,FALSE,TRUE,FALSE,TRUE,"cash"
305,72,"coffee_meet",1667.64,TRUE,FALSE,FALSE,FALSE,FALSE,FALSE,"credit_card"
306,78,"grocery_tues",7000,FALSE,TRUE,TRUE,FALSE,FALSE,FALSE,"UPI"
307,69,"coffee_meet",1833.4,TRUE,FALSE,FALSE,FALSE,FALSE,FALSE,"credit_card"
308,75,"coffee_meet",1969.28,TRUE,FALSE,FALSE,FALSE,FALSE,FALSE,"credit_card"
309,64,"grocery_tues",7000,FALSE,TRUE,TRUE,FALSE,FALSE,FALSE,"debit_card"
310,63,"online_shopping",9473.14,TRUE,FALSE,FALSE,FALSE,TRUE,FALSE,"credit_card"
311,77,"veg_market",753.37,FALSE,FALSE,FALSE,TRUE,FALSE,TRUE,"cash"
312,60,"grocery_tues",7000,FALSE,TRUE,TRUE,FALSE,FALSE,FALSE,"debit_card"
313,75,"grocery_tues",7000,FALSE,TRUE,TRUE,FALSE,FALSE,FALSE,"debit_card"
314,76,"grocery_tues",7000,FALSE,TRUE,TRUE,FALSE,FALSE,FALSE,"debit_card"
315,71,"online_shopping",3166.86,TRUE,FALSE,FALSE,FALSE,TRUE,FALSE,"credit_card"
316,80,"veg_market",893.17,FALSE,FALSE,FALSE,TRUE,FALSE,TRUE,"cash"
317,61,"grocery_tues",7000,FALSE,TRUE,TRUE,FALSE,FALSE,FALSE,"debit_card"
318,77,"monthly_getaway",3004.56,FALSE,FALSE,FALSE,TRUE,FALSE,FALSE,"cash"
319,71,"coffee_meet",1611.63,TRUE,FALSE,FALSE,FALSE,FALSE,FALSE,"credit_card"
320,74,"online_shopping",7361.45,TRUE,FALSE,FALSE,FALSE,TRUE,FALSE,"UPI"
321,78,"monthly_getaway",4545.23,FALSE,FALSE,FALSE,TRUE,FALSE,FALSE,"cash"
322,80,"monthly_getaway",2982.37,FALSE,FALSE,FALSE,TRUE,FALSE,FALSE,"cash"
323,65,"monthly_getaway",3691.01,FALSE,FALSE,FALSE,TRUE,FALSE,FALSE,"cash"
324,75,"grocery_tues",7000,FALSE,TRUE,TRUE,FALSE,FALSE,FALSE,"credit_card"
325,74,"online_shopping",5672.56,TRUE,FALSE,FALSE,FALSE,TRUE,FALSE,"debit_card"
326,78,"online_shopping",12621.76,TRUE,FALSE,FALSE,FALSE,TRUE,FALSE,"debit_card"
327,62,"grocery_tues",7000,FALSE,TRUE,TRUE,FALSE,FALSE,FALSE,"UPI"
328,73,"monthly_getaway",1984.4,FALSE,FALSE,FALSE,TRUE,FALSE,FALSE,"cash"
329,60,"coffee_meet",1684.82,TRUE,FALSE,FALSE,FALSE,FALSE,FALSE,"UPI"
330,60,"online_shopping",5061.82,TRUE,FALSE,FALSE,FALSE,TRUE,FALSE,"debit_card"
331,75,"coffee_meet",1967.88,TRUE,FALSE,FALSE,FALSE,FALSE,FALSE,"credit_card"
332,70,"coffee_meet",1707.54,TRUE,FALSE,FALSE,FALSE,FALSE,FALSE,"credit_card"
333,63,"online_shopping",3786.84,TRUE,FALSE,FALSE,FALSE,TRUE,FALSE,"credit_card"
334,71,"monthly_getaway",4657.46,FALSE,FALSE,FALSE,TRUE,FALSE,FALSE,"cash"
335,72,"veg_market",478.11,FALSE,FALSE,FALSE,TRUE,FALSE,TRUE,"cash"
336,69,"grocery_tues",7000,FALSE,TRUE,TRUE,FALSE,FALSE,FALSE,"debit_card"
337,69,"veg_market",882.34,FALSE,FALSE,FALSE,TRUE,FALSE,TRUE,"cash"
338,66,"grocery_tues",7000,FALSE,TRUE,TRUE,FALSE,FALSE,FALSE,"UPI"
339,77,"online_shopping",3854.26,TRUE,FALSE,FALSE,FALSE,TRUE,FALSE,"credit_card"
340,76,"grocery_tues",7000,FALSE,TRUE,TRUE,FALSE,FALSE,FALSE,"UPI"
341,79,"grocery_tues",7000,FALSE,TRUE,TRUE,FALSE,FALSE,FALSE,"debit_card"
342,68,"online_shopping",6672.63,TRUE,FALSE,FALSE,FALSE,TRUE,FALSE,"credit_card"
343,80,"online_shopping",5191.57,TRUE,FALSE,FALSE,FALSE,TRUE,FALSE,"credit_card"
344,70,"coffee_meet",1522.95,TRUE,FALSE,FALSE,FALSE,FALSE,FALSE,"credit_card"
345,71,"monthly_getaway",4138.19,FALSE,FALSE,FALSE,TRUE,FALSE,FALSE,"cash"
346,67,"coffee_meet",1599.59,TRUE,FALSE,FALSE,FALSE,FALSE,FALSE,"credit_card"
347,77,"monthly_getaway",2567.4,FALSE,FALSE,FALSE,TRUE,FALSE,FALSE,"cash"
348,64,"monthly_getaway",2294.25,FALSE,FALSE,FALSE,TRUE,FALSE,FALSE,"cash"
349,77,"monthly_getaway",3408.42,FALSE,FALSE,FALSE,TRUE,FALSE,FALSE,"cash"
350,65,"veg_market",633.02,FALSE,FALSE,FALSE,TRUE,FALSE,TRUE,"cash"
351,69,"grocery_tues",7000,FALSE,TRUE,TRUE,FALSE,FALSE,FALSE,"debit_card"
352,68,"coffee_meet",1995.41,TRUE,FALSE,FALSE,FALSE,FALSE,FALSE,"credit_card"
353,70,"veg_market",403.03,FALSE,FALSE,FALSE,TRUE,FALSE,TRUE,"cash"
354,65,"monthly_getaway",3941.08,FALSE,FALSE,FALSE,TRUE,FALSE,FALSE,"cash"
355,71,"monthly_getaway",4910.43,FALSE,FALSE,FALSE,TRUE,FALSE,FALSE,"cash"
356,78,"monthly_getaway",3232.18,FALSE,FALSE,FALSE,TRUE,FALSE,FALSE,"cash"
357,63,"monthly_getaway",2570.83,FALSE,FALSE,FALSE,TRUE,FALSE,FALSE,"cash"
358,62,"coffee_meet",1912.34,TRUE,FALSE,FALSE,FALSE,FALSE,FALSE,"credit_card"
359,73,"monthly_getaway",1449.54,FALSE,FALSE,FALSE,TRUE,FALSE,FALSE,"cash"
360,67,"monthly_getaway",3143.11,FALSE,FALSE,FALSE,TRUE,FALSE,FALSE,"cash"
361,65,"grocery_tues",7000,FALSE,TRUE,TRUE,FALSE,FALSE,FALSE,"debit_card"
362,63,"veg_market",555.07,FALSE,FALSE,FALSE,TRUE,FALSE,TRUE,"cash"
363,69,"veg_market",419.17,FALSE,FALSE,FALSE,TRUE,FALSE,TRUE,"UPI"
364,75,"grocery_tues",7000,FALSE,TRUE,TRUE,FALSE,FALSE,FALSE,"debit_card"
365,75,"veg_market",325.89,FALSE,FALSE,FALSE,TRUE,FALSE,TRUE,"cash"
366,79,"grocery_tues",7000,FALSE,TRUE,TRUE,FALSE,FALSE,FALSE,"credit_card"
367,69,"monthly_getaway",4487.35,FALSE,FALSE,FALSE,TRUE,FALSE,FALSE,"cash"
368,65,"coffee_meet",1781.02,TRUE,FALSE,FALSE,FALSE,FALSE,FALSE,"credit_card"
369,78,"monthly_getaway",3202.76,FALSE,FALSE,FALSE,TRUE,FALSE,FALSE,"cash"
370,63,"monthly_getaway",3369.46,FALSE,FALSE,FALSE,TRUE,FALSE,FALSE,"cash"
371,68,"veg_market",782.25,FALSE,FALSE,FALSE,TRUE,FALSE,TRUE,"UPI"
372,63,"veg_market",711.14,FALSE,FALSE,FALSE,TRUE,FALSE,TRUE,"cash"
373,74,"grocery_tues",7000,FALSE,TRUE,TRUE,FALSE,FALSE,FALSE,"UPI"
374,79,"online_shopping",9987.85,TRUE,FALSE,FALSE,FALSE,TRUE,FALSE,"UPI"
375,80,"monthly_getaway",1209.67,FALSE,FALSE,FALSE,TRUE,FALSE,FALSE,"cash"
376,76,"veg_market",652.13,FALSE,FALSE,FALSE,TRUE,FALSE,TRUE,"cash"
377,66,"coffee_meet",1793.67,TRUE,FALSE,FALSE,FALSE,FALSE,FALSE,"credit_card"
378,74,"coffee_meet",1814.28,TRUE,FALSE,FALSE,FALSE,FALSE,FALSE,"credit_card"
379,64,"veg_market",697.51,FALSE,FALSE,FALSE,TRUE,FALSE,TRUE,"cash"
380,73,"monthly_getaway",1329.08,FALSE,FALSE,FALSE,TRUE,FALSE,FALSE,"cash"
381,74,"grocery_tues",7000,FALSE,TRUE,TRUE,FALSE,FALSE,FALSE,"credit_card"
382,74,"veg_market",262.11,FALSE,FALSE,FALSE,TRUE,FALSE,TRUE,"UPI"
383,75,"online_shopping",10932.23,TRUE,FALSE,FALSE,FALSE,TRUE,FALSE,"credit_card"
384,78,"coffee_meet",1915.15,TRUE,FALSE,FALSE,FALSE,FALSE,FALSE,"credit_card"
385,67,"veg_market",316.73,FALSE,FALSE,FALSE,TRUE,FALSE,TRUE,"cash"
386,64,"veg_market",826.82,FALSE,FALSE,FALSE,TRUE,FALSE,TRUE,"UPI"
387,66,"coffee_meet",1743.23,TRUE,FALSE,FALSE,FALSE,FALSE,FALSE,"credit_card"
388,79,"coffee_meet",1994.63,TRUE,FALSE,FALSE,FALSE,FALSE,FALSE,"credit_card"
389,75,"veg_market",599.28,FALSE,FALSE,FALSE,TRUE,FALSE,TRUE,"cash"
390,75,"online_shopping",9309.39,TRUE,FALSE,FALSE,FALSE,TRUE,FALSE,"debit_card"
391,68,"veg_market",502.61,FALSE,FALSE,FALSE,TRUE,FALSE,TRUE,"cash"
392,70,"online_shopping",8742.28,TRUE,FALSE,FALSE,FALSE,TRUE,FALSE,"credit_card"
393,70,"veg_market",259.43,FALSE,FALSE,FALSE,TRUE,FALSE,TRUE,"cash"
394,78,"veg_market",630.78,FALSE,FALSE,FALSE,TRUE,FALSE,TRUE,"cash"
395,69,"coffee_meet",1980.53,TRUE,FALSE,FALSE,FALSE,FALSE,FALSE,"credit_card"
396,61,"grocery_tues",7000,FALSE,TRUE,TRUE,FALSE,FALSE,FALSE,"debit_card"
397,65,"veg_market",622.25,FALSE,FALSE,FALSE,TRUE,FALSE,TRUE,"cash"
398,79,"coffee_meet",1718.58,TRUE,FALSE,FALSE,FALSE,FALSE,FALSE,"credit_card"
399,73,"veg_market",225.81,FALSE,FALSE,FALSE,TRUE,FALSE,TRUE,"cash"
400,73,"online_shopping",2490.54,TRUE,FALSE,FALSE,FALSE,TRUE,FALSE,"credit_card"
401,65,"monthly_getaway",1189.39,FALSE,FALSE,FALSE,TRUE,FALSE,FALSE,"cash"
402,77,"online_shopping",4092.47,TRUE,FALSE,FALSE,FALSE,TRUE,FALSE,"credit_card"
403,61,"monthly_getaway",2876.39,FALSE,FALSE,FALSE,TRUE,FALSE,FALSE,"cash"
404,67,"coffee_meet",1902.96,TRUE,FALSE,FALSE,FALSE,FALSE,FALSE,"credit_card"
405,70,"coffee_meet",1640.3,TRUE,FALSE,FALSE,FALSE,FALSE,FALSE,"credit_card"
406,80,"coffee_meet",1877.39,TRUE,FALSE,FALSE,FALSE,FALSE,FALSE,"credit_card"
407,66,"veg_market",617.46,FALSE,FALSE,FALSE,TRUE,FALSE,TRUE,"cash"
408,78,"coffee_meet",1644.47,TRUE,FALSE,FALSE,FALSE,FALSE,FALSE,"UPI"
409,67,"online_shopping",2225.9,TRUE,FALSE,FALSE,FALSE,TRUE,FALSE,"credit_card"
410,69,"veg_market",734.68,FALSE,FALSE,FALSE,TRUE,FALSE,TRUE,"cash"
411,64,"grocery_tues",7000,FALSE,TRUE,TRUE,FALSE,FALSE,FALSE,"UPI"
412,76,"coffee_meet",1533.49,TRUE,FALSE,FALSE,FALSE,FALSE,FALSE,"credit_card"
413,65,"online_shopping",12873.02,TRUE,FALSE,FALSE,FALSE,TRUE,FALSE,"credit_card"
414,67,"veg_market",308.27,FALSE,FALSE,FALSE,TRUE,FALSE,TRUE,"cash"
415,79,"monthly_getaway",3623.51,FALSE,FALSE,FALSE,TRUE,FALSE,FALSE,"cash"
416,65,"coffee_meet",1918.97,TRUE,FALSE,FALSE,FALSE,FALSE,FALSE,"credit_card"
417,74,"online_shopping",5349.42,TRUE,FALSE,FALSE,FALSE,TRUE,FALSE,"UPI"
418,76,"online_shopping",3767.94,TRUE,FALSE,FALSE,FALSE,TRUE,FALSE,"credit_card"
419,62,"coffee_meet",1881.74,TRUE,FALSE,FALSE,FALSE,FALSE,FALSE,"credit_card"
420,74,"coffee_meet",1606,TRUE,FALSE,FALSE,FALSE,FALSE,FALSE,"credit_card"
421,79,"monthly_getaway",2071.88,FALSE,FALSE,FALSE,TRUE,FALSE,FALSE,"cash"
422,60,"online_shopping",8913.81,TRUE,FALSE,FALSE,FALSE,TRUE,FALSE,"credit_card"
423,64,"veg_market",579.29,FALSE,FALSE,FALSE,TRUE,FALSE,TRUE,"cash"
424,70,"coffee_meet",1686.72,TRUE,FALSE,FALSE,FALSE,FALSE,FALSE,"credit_card"
425,74,"coffee_meet",1887.67,TRUE,FALSE,FALSE,FALSE,FALSE,FALSE,"credit_card"
426,79,"veg_market",646.56,FALSE,FALSE,FALSE,TRUE,FALSE,TRUE,"cash"
427,61,"monthly_getaway",1620.95,FALSE,FALSE,FALSE,TRUE,FALSE,FALSE,"cash"
428,75,"online_shopping",14862.44,TRUE,FALSE,FALSE,FALSE,TRUE,FALSE,"credit_card"
429,78,"monthly_getaway",1977.79,FALSE,FALSE,FALSE,TRUE,FALSE,FALSE,"cash"
430,69,"grocery_tues",7000,FALSE,TRUE,TRUE,FALSE,FALSE,FALSE,"debit_card"
431,78,"grocery_tues",7000,FALSE,TRUE,TRUE,FALSE,FALSE,FALSE,"debit_card"
432,76,"online_shopping",3694.92,TRUE,FALSE,FALSE,FALSE,TRUE,FALSE,"UPI"
433,66,"monthly_getaway",1850.72,FALSE,FALSE,FALSE,TRUE,FALSE,FALSE,"cash"
434,65,"grocery_tues",7000,FALSE,TRUE,TRUE,FALSE,FALSE,FALSE,"debit_card"
435,71,"online_shopping",6940.06,TRUE,FALSE,FALSE,FALSE,TRUE,FALSE,"credit_card"
436,63,"online_shopping",6675.08,TRUE,FALSE,FALSE,FALSE,TRUE,FALSE,"credit_card"
437,80,"veg_market",442.13,FALSE,FALSE,FALSE,TRUE,FALSE,TRUE,"cash"
438,78,"veg_market",235.52,FALSE,FALSE,FALSE,TRUE,FALSE,TRUE,"cash"
439,61,"coffee_meet",1967.39,TRUE,FALSE,FALSE,FALSE,FALSE,FALSE,"credit_card"
440,63,"veg_market",654.97,FALSE,FALSE,FALSE,TRUE,FALSE,TRUE,"cash"
441,70,"monthly_getaway",1883.21,FALSE,FALSE,FALSE,TRUE,FALSE,FALSE,"cash"
442,60,"grocery_tues",7000,FALSE,TRUE,TRUE,FALSE,FALSE,FALSE,"credit_card"
443,78,"coffee_meet",1938.98,TRUE,FALSE,FALSE,FALSE,FALSE,FALSE,"credit_card"
444,77,"coffee_meet",1733.64,TRUE,FALSE,FALSE,FALSE,FALSE,FALSE,"credit_card"
445,75,"monthly_getaway",3169.4,FALSE,FALSE,FALSE,TRUE,FALSE,FALSE,"cash"
446,62,"grocery_tues",7000,FALSE,TRUE,TRUE,FALSE,FALSE,FALSE,"debit_card"
447,60,"grocery_tues",7000,FALSE,TRUE,TRUE,FALSE,FALSE,FALSE,"debit_card"
448,61,"monthly_getaway",4137.59,FALSE,FALSE,FALSE,TRUE,FALSE,FALSE,"cash"
449,61,"veg_market",718.3,FALSE,FALSE,FALSE,TRUE,FALSE,TRUE,"UPI"
450,67,"veg_market",315.91,FALSE,FALSE,FALSE,TRUE,FALSE,TRUE,"cash"
451,79,"veg_market",457.31,FALSE,FALSE,FALSE,TRUE,FALSE,TRUE,"cash"
452,73,"online_shopping",14363.72,TRUE,FALSE,FALSE,FALSE,TRUE,FALSE,"credit_card"
453,72,"coffee_meet",1594.1,TRUE,FALSE,FALSE,FALSE,FALSE,FALSE,"credit_card"
454,66,"grocery_tues",7000,FALSE,TRUE,TRUE,FALSE,FALSE,FALSE,"debit_card"
455,67,"online_shopping",11755.26,TRUE,FALSE,FALSE,FALSE,TRUE,FALSE,"credit_card"
456,62,"veg_market",567.33,FALSE,FALSE,FALSE,TRUE,FALSE,TRUE,"cash"
457,75,"grocery_tues",7000,FALSE,TRUE,TRUE,FALSE,FALSE,FALSE,"debit_card"
458,60,"online_shopping",3837.75,TRUE,FALSE,FALSE,FALSE,TRUE,FALSE,"credit_card"
459,71,"coffee_meet",1602.6,TRUE,FALSE,FALSE,FALSE,FALSE,FALSE,"credit_card"
460,77,"veg_market",740.23,FALSE,FALSE,FALSE,TRUE,FALSE,TRUE,"cash"
461,80,"online_shopping",3794.39,TRUE,FALSE,FALSE,FALSE,TRUE,FALSE,"credit_card"
462,73,"veg_market",532.43,FALSE,FALSE,FALSE,TRUE,FALSE,TRUE,"cash"
463,67,"grocery_tues",7000,FALSE,TRUE,TRUE,FALSE,FALSE,FALSE,"UPI"
464,64,"veg_market",561,FALSE,FALSE,FALSE,TRUE,FALSE,TRUE,"cash"
465,76,"online_shopping",10098.31,TRUE,FALSE,FALSE,FALSE,TRUE,FALSE,"UPI"
466,70,"coffee_meet",1625.59,TRUE,FALSE,FALSE,FALSE,FALSE,FALSE,"credit_card"
467,63,"grocery_tues",7000,FALSE,TRUE,TRUE,FALSE,FALSE,FALSE,"debit_card"
468,72,"grocery_tues",7000,FALSE,TRUE,TRUE,FALSE,FALSE,FALSE,"debit_card"
469,67,"grocery_tues",7000,FALSE,TRUE,TRUE,FALSE,FALSE,FALSE,"UPI"
470,74,"veg_market",571.32,FALSE,FALSE,FALSE,TRUE,FALSE,TRUE,"cash"
471,63,"veg_market",332.41,FALSE,FALSE,FALSE,TRUE,FALSE,TRUE,"UPI"
472,72,"monthly_getaway",4431.23,FALSE,FALSE,FALSE,TRUE,FALSE,FALSE,"cash"
473,62,"grocery_tues",7000,FALSE,TRUE,TRUE,FALSE,FALSE,FALSE,"debit_card"
474,66,"grocery_tues",7000,FALSE,TRUE,TRUE,FALSE,FALSE,FALSE,"UPI"
475,60,"monthly_getaway",1626.21,FALSE,FALSE,FALSE,TRUE,FALSE,FALSE,"cash"
476,65,"monthly_getaway",1353.33,FALSE,FALSE,FALSE,TRUE,FALSE,FALSE,"cash"
477,72,"monthly_getaway",4573.67,FALSE,FALSE,FALSE,TRUE,FALSE,FALSE,"cash"
478,76,"online_shopping",5908.07,TRUE,FALSE,FALSE,FALSE,TRUE,FALSE,"credit_card"
479,80,"coffee_meet",1876.04,TRUE,FALSE,FALSE,FALSE,FALSE,FALSE,"credit_card"
480,65,"veg_market",521.29,FALSE,FALSE,FALSE,TRUE,FALSE,TRUE,"UPI"
481,69,"grocery_tues",7000,FALSE,TRUE,TRUE,FALSE,FALSE,FALSE,"UPI"
482,72,"coffee_meet",1724.28,TRUE,FALSE,FALSE,FALSE,FALSE,FALSE,"UPI"
483,65,"coffee_meet",1579.84,TRUE,FALSE,FALSE,FALSE,FALSE,FALSE,"UPI"
484,68,"coffee_meet",1572.26,TRUE,FALSE,FALSE,FALSE,FALSE,FALSE,"credit_card"
485,67,"veg_market",319.34,FALSE,FALSE,FALSE,TRUE,FALSE,TRUE,"cash"
486,60,"coffee_meet",1757.22,TRUE,FALSE,FALSE,FALSE,FALSE,FALSE,"credit_card"
487,75,"grocery_tues",7000,FALSE,TRUE,TRUE,FALSE,FALSE,FALSE,"UPI"
488,61,"online_shopping",8406.75,TRUE,FALSE,FALSE,FALSE,TRUE,FALSE,"credit_card"
489,67,"grocery_tues",7000,FALSE,TRUE,TRUE,FALSE,FALSE,FALSE,"UPI"
490,73,"veg_market",693.07,FALSE,FALSE,FALSE,TRUE,FALSE,TRUE,"cash"
491,71,"grocery_tues",7000,FALSE,TRUE,TRUE,FALSE,FALSE,FALSE,"UPI"
492,67,"grocery_tues",7000,FALSE,TRUE,TRUE,FALSE,FALSE,FALSE,"debit_card"
493,68,"veg_market",557.94,FALSE,FALSE,FALSE,TRUE,FALSE,TRUE,"cash"
494,67,"online_shopping",2723.8,TRUE,FALSE,FALSE,FALSE,TRUE,FALSE,"UPI"
495,68,"monthly_getaway",1021.59,FALSE,FALSE,FALSE,TRUE,FALSE,FALSE,"cash"
496,79,"veg_market",377.47,FALSE,FALSE,FALSE,TRUE,FALSE,TRUE,"cash"
497,60,"monthly_getaway",4403.85,FALSE,FALSE,FALSE,TRUE,FALSE,FALSE,"cash"
498,62,"online_shopping",5475.5,TRUE,FALSE,FALSE,FALSE,TRUE,FALSE,"credit_card"
499,67,"coffee_meet",1799.3,TRUE,FALSE,FALSE,FALSE,FALSE,FALSE,"credit_card"
500,61,"online_shopping",9911.8,TRUE,FALSE,FALSE,FALSE,TRUE,FALSE,"credit_card"
